id	name	image	minHP	maxHP	minAttack	maxAttack	abilityPassive	abilityActive	firstMap	lastMap	alignment	disabled	Lore
susi	Susi	susi.png	20	30	5	10	-	howl (yrittää summonaa lisää susia)	1	3	forest	FALSE	Susi (Canis lupus)  Tuntomerkit: Ruumiin pituus 100–140 cm, häntä 35–50 cm, paino 20–75 kg. Suden pohjaväri on harmaankeltainen. Mustaa peitinkarvaa esiintyy etuselässä, hartioissa ja hännän kärjessä. Vatsapuoli on vaaleampi. Jalkojen pohjaväri on harmaa, etujalkojen etupuolella voi olla musta juova. Väritys vaihtelee jonkin verran ja erityisesti kesäturkki on punertavampi tai ruosteenruskeaan vivahtava. Suden korvat ovat pystyt ja muutenkin susi muistuttaa pystykorvaista koiraa. Suden erottaminen koirasta on usein vaikeaa, kuitenkin suden häntä riippuu usein suorana ja silmät ovat vinot. Suden jäljet muistuttavat suuren koiran jälkiä. Raateluhampaat ovat pitemmät kuin koiralla.  Esiintyminen: Länsi-, Lounais- ja Itä-Suomessa sekä osin myös poronhoitoalueen itäosissa. Kierteleviä susia voi esiintyä koko maassa.  Lisääntyminen: Kiima-aika helmi-maaliskuussa. Kantoaika 60–63 vuorokautta. Pentuja tavallisesti 4–6. Kaivaa pesäluolan hiekkatörmään tai vastaavaan paikkaan.  Ravinto: Lihansyöjä. Saaliseläinten saatavillaolo vaikuttaa ravinnon koostumukseen suuresti. Saalisvalikoimaan sisältyvät myyrät, sopulit, jänikset, linnut, peurat, poro ja hirvi. Susi käyttää myös haaskoja. Luontainen saalistusyksikkö on lauma, mutta yksinäinenkin susi pystyy kaatamaan hirven. Ei peitä haaskaansa kuten karhu. Suureen saaliseläimeen jää syviä kulmahampaiden viiltoja kaulaan ja reisien takaosaan.  Muuta: Susi on erittäin kestävä ja nopea liikkuja. Suden kuulo ja hajuaisti ovat erittäin tarkat. Tämän vuoksi suden pääsee näkemään vain hyvällä onnella, koska susi pyrkii karttamaan ihmistä. Suden pyynti vaatii kokemusta ja taitoa. Pyynti tapahtuu Suomen riistakeskuksen myöntämällä poikkeusluvalla. Muutoin susi on aina rauhoitettu.
karhu	Karhu	karhu.png	20	30	5	10	-	-	1	3	forest	TRUE	Karhu (Ursus arctos)  Tuntomerkit: Suuri petoeläin. Pituus 135–250 cm. Häntä on 5–15 cm pitkä ja se on osittain turkin peitossa. Naaraiden paino on 45–170 kg ja urosten 47–230 kg. Turkki on hyvin tuuhea ja se antaa karhun ruumiille pyöreän vaikutelman. Korvat ovat pienet ja pyöreäpäiset, mutta erottuvat kuitenkin selvästi. Karhun väritys vaihtelee mustanruskeasta kellanruskeaan. Karhu on kanta-astuja. Jäljet ovat ihmisen jäljen kokoiset tai suuremmat. Karhu pystyy käyttämään eturaajojaan tehokkaasti saalistuksessa ja liikkumisessa. Karhu on hyvin ketterä ja vahva. Se myös ui ja kiipeää hyvin.  Esiintyminen: Vahvin karhukanta on itärajalla ja Lapissa. Karhuja esiintyy säännöllisesti myös Etelä-Suomessa. Yleensä karhu väistää ihmistä ja liikkuu vain yöaikaan tai hämärässä. Karhu nukkuu lumisen ajan talviunta.  Lisääntyminen: Kiima-aika touko-heinäkuussa, jolloin uroksien välillä on taisteluja. Kantoaika vaihtelee 194:n ja 278:n vuorokauden välillä. Karhulla on viivästynyt sikiönkehitys. Poikaset syntyvät tammi-helmikuussa talvipesään. Poikasia on yhdestä neljään. Poikaset seuraavat yleensä emoaan seuraavan vuoden touko-kesäkuuhun.  Ravinto: Kaikkiruokainen. Marjat, vilja, kalat, hyönteiset, linnut ja nisäkkäät kuuluvat karhun ruokava­lioon. Syö myös haaskoja. Karhu pystyy tappamaan aikuisen hirven. Saaliissa näkyvät kynnenjäljet ja voimakkaat raatelujäljet erityisesti takapäässä. Saalis lopetetaan puremalla kaulasta tai hartioista sekä vääntämällä niska poikki. Maastoon jää kamppailusta usein hyvin näkyvät jäljet. Karhu peittää saaliinsa huolellisesti ja vartioi haaskaa tai palaa sille usein.  Muuta: Karhu on aina rauhoitettu. Poronhoitoalueella noudatetaan MMM:n määräämiä kiintiöitä ja muualla maassa voidaan erityisistä syistä metsästää Suomen riistakeskuksen myöntämällä poikkeusluvalla.
saukko	Saukko	saukko.png	20	30	5	10	-	-	1	3	forest	TRUE	Saukko (Lutra lutra)  Tuntomerkit: Ruumiin pituus 50–100 cm, häntä 26–55 cm. Paino 2,5–15 kg. Turkki on tasaisen ruskea. Leveässä kuonossa on pitkät viiksikarvat. Pyöreä häntä on tyvestä paksu ja se on hyvin voimakas. Lyhyissä jaloissa on uimapoimut. Korvat ovat pienet.  Esiintyminen: Tavataan koko maassa, paikoin satunnaisesti.  Lisääntyminen: Kiima-aika vaihtelee; useimmiten helmi-maaliskuussa ja kesä-heinäkuussa. Poikaset, joita on 2–5, syntyvät huhti-toukokuussa. Pesä on tavallisimmin joen törmässä. Pentue seuraa emoa kauan – jopa puolitoista vuotta.  Ravinto: Pääravintona kalat. Syö myös sammakoita, rapuja, vesilintuja ja niiden munia, vesimyyriä, piisameja ja pikkunisäkkäitä.  Muuta: Saukko on aina rauhoitettu. Pyynti tapahtuu Suomen riistakeskuksen myöntämällä poikkeusluvalla.
ilves	Ilves	ilves.png	20	30	5	10	-	-	1	3	forest	FALSE	Ilves (Lynx lynx)  Tuntomerkit: Ruumiin pituus 70–120 cm, häntä 15–25 cm, paino 7–30 kg. Kesällä turkki punaharmaa, talvella harmaanvalkea. Turkissa on ruskeita tai mustia täpliä ja juovia. Korvat ovat tupsupäi­set. Korvat ovat takaa vaaleat ja näkyvät hämärässä hyvin. Ilveksen silmät ovat keltaiset, silmäterät ovat pyöreät. Jalat ovat suhteessa pitemmät kuin kotikissalla, mustakärkinen häntä on sitävastoin lyhyempi.  Esiintyminen: Suomen ainoa luonnonvarainen kissaeläin. Kanta runsastunut rauhoituksen turvin ja ilvestä tavataan nykyään harvakseltaan koko maassa. Liikkeellä hämärässä ja öisin, joskus päivälläkin. Suosii vaikeapääsyistä louhikko- ja mäkimaastoa. Pystyy kiipeämään ahdistettuna puuhun.  Lisääntyminen: Ilveksen kiima on maaliskuussa. Kantoaika on 63–72 vuorokautta, poikasia syntyy 1–3. Pennut ovat riippuvaisia emostaan seuraavaan kevääseen asti.  Ravinto: Lihansyöjä. Saalisvalikoima on hyvin laaja pikkujyrsijöistä peuran ja poron kokoluokkaan. Suosittua ravintoa ovat jänikset ja valkohäntäpeurat sekä Lapissa porot. Yllättää saaliseläimen hiipimällä ja hyppäämällä muutamalla loikalla saaliin kimppuun. Suurissa saaliseläimissä kaulassa siisti purentajälki, paisteista on monesti syöty vain osa. Peittää joskus saaliinsa, mutta ei palaa sille yhtä varmasti kuin karhu. Etelässä pystyy käyttämään saaliinsa ja haaskan parem­min, pohjoisessa kova pakkanen estää usein ilvestä syömästä koko ruhoa.  Muuta: Ilvestä pääsee harvoin näkemään, koska ilves kuulee tulijan kaukaa. Ilves on aina rauhoitettu. Pyynti tapahtuu Suomen riistakeskuksen myöntämällä poikkeusluvalla.
karppa	Kärppä	karppa.png	20	30	5	10	-	-	1	3	forest	TRUE	Kärppä (Mustela erminea)  Tuntomerkit: Ruumiin pituus 16–29 cm, häntä 8–12 cm. Paino 90–450 g. Vaihtaa turkin väriä eri vuodenaikoina. Kesäpuvussa selkäpuoli ja kyljet ovat punertavan ruskeat, vatsapuoli on kellanvalkea. Väriraja on jyrkkä. Hännänpää on musta. Talvella kärppä on valkoinen tai kellertävä, hännänpää on musta. Kärpän liikkeet ovat nopeat.  Esiintyminen: Yleinen koko maassa.  Lisääntyminen: Kiima-aika heinäkuussa. Viivästynyt sikiönkehitys, poikaset syntyvät huhti-toukokuussa. Poikasia 4–8 (14). Kärpällä on joskus valekiima maaliskuussa, josta naaras tulee harvoin kantavaksi.  Ravinto: Ravintona pikkunisäkkäät, linnut, kalat. Pystyy saalistamaan riekon tai piisamin kokoisiakin eläimiä.  Muuta: Pyydetään jonkin verran turkisriistana.
naata	Näätä	naata.png	20	30	5	10	-	-	1	3	forest	TRUE	Näätä (Martes martes)  Tuntomerkit: Ruumiin pituus 42–56 cm, häntä 20–28 cm. Paino 650–1 800 g. Näätä on solakka, matalajalkainen ja pitkähäntäinen eläin, jonka liikkeet ovat hyvin nopeat. Yleisväri tumman-kellahtavanruskea. Kurkkulaikku keltainen tai kellertävä. Korvat ovat kolmiomaiset ja tyvestä leveät. Ne erottuvat selvästi tummasta päästä. Silmät ovat eloisat. Näätä liikkuu hyppimällä ja se myös kiipeilee hyvin puissa.  Esiintyminen: Näätä tavataan havumetsissä koko Suomessa. Kuitenkin sitä nähdään harvoin, koska se on liikkeellä yöllä ja hämärässä.  Lisääntyminen: Kiima-aika heinä-elokuussa. Kantoaika on hyvin pitkä, 230–270 vuorokautta, koska näädällä on viivästynyt sikiönkehitys. Pesä on yleensä kolossa tai pöntössä. Poikasia 2–5 ja ne syntyvät toukokuussa.  Ravinto: Erityisesti myyrät, joita saalistaa talvella lumen alta. Muut nisäkkäät jäniksen kokoluokkaan asti sekä linnut, linnunmunat, marjat, sienet, hyönteiset ja haaskat. Tekee varastoja.  Muuta: Näätää pyydetään turkisriistana.
mayra	Mäyrä	mayra.png	20	30	5	10	-	-	1	3	forest	FALSE	Mäyrä (Meles meles)  Tuntomerkit: Ruumiin pituus 60–90 cm, häntä 11–20 cm. Paino vaihtelee suuresti vuodenajoittain 4,5–24 kg. Mäyrä vaikuttaa matalalta ja tanakalta. Pää on ruumiiseen verrattuna kapea ja suippo. Paras tuntomerkki on valkeassa päässä kuonosta silmien ja korvien kautta niskaan ulottuvat mustat juovat. Selkäpuoli harmahtava, peitinkarvojen päät valkeat. Vatsapuoli on musta, mustaa voi ulottua myös kupeille. Häntä on lyhyt ja leveä. Kynnet ovat voimakkaat ja soveltuvat hyvin kaivamiseen.  Esiintyminen: Eteläinen laji, jota tavataan yleisenä Oulun korkeudelle. Yöeläin. Nukkuu talviunta lokakuusta huhtikuuhun.  Lisääntyminen: Kiima-aika alkukesällä. Viivästynyt sikiönkehitys. Poikaset syntyvät luolaan maalis-huhtikuussa. Poikasia 2–5.  Ravinto: Kaikkiruokainen. Pikkunisäkkäät, sammakot, kastemadot, vilja, marjat, hyönteiset, linnut, munat, matelijat jne.  Muuta: Mäyrä on tärkeä käytävien ja luolien kaivaja supikoiralle ja ketulle, jotka käyttävät mäyrän pesiä ja luolia hyväkseen. Mäyrää metsästetään erikoisen nahan vuoksi.
hilleri	Hilleri	hilleri.png	20	30	5	10	-	-	1	3	forest	TRUE	Hilleri (Mustela putorius)  Tuntomerkit: Kooltaan minkin kokoinen. Ruumiin pituus 30–45 cm, häntä 10–15 cm, paino 380–1 500 g. Karva on tuuhea ja pitkä. Vatsapuoli ja raajat ovat mustanruskeat, kyljillä ja selässä paistaa vaaleampi pohjavilla läpi. Posket vaaleat, nuorilla vaalea ei näy yhtä hyvin. Aikuisen otsassa ja korvissa valkoista, nuorilta tämä tuntomerkki puuttuu. Kuonossa aina enemmän valkoista kuin vesikolla.  Esiintyminen: Esiintyy Etelä-Suomessa laikuttaisesti. Etupäässä yöeläin.  Lisääntyminen: Kiima-aika maalis-kesäkuussa, kantoaika 40–42 vrk. Synnyttää touko-kesäkuussa 3–7 poikasta maakolossa tai rakennuksen alla olevaan pesään.  Ravinto: Pikkunisäkkäät, linnut ja sammakot.  Muuta: Hilleriä pyydetään jonkin verran turkisriistana.
minkki	Minkki	minkki.png	20	30	5	10	-	-	1	3	forest	TRUE	Minkki (haitallinen vieraslaji) (Neovison vison)  Tuntomerkit: Ruumiin pituus 30–70 cm, häntä 15–21 cm, paino 360–1 750 g. Väri mustanruskea, joskus miltei musta. Valkoista alahuulessa. Rinnassa ja vatsassa toisinaan valkeita laikkuja. Ruumis on pitkä ja notkea, jalat ovat lyhyet. Korvat ovat pienet. Minkin väritys vaihtelee usein, minkä vuoksi minkki sekoitetaan vesikkoon.  Esiintyminen: Kotoisin Pohjois-Amerikasta. Kanta saanut alkunsa turkistarhauksista (osa tullut itärajan takaa) ja levinnyt sittemmin lähes koko maahan. Runsain kanta saaristossa ja vesistöjen varsilla.  Lisääntyminen: Kiima-aika maaliskuussa, kantoaika yleensä 42–51 vrk. Poikaset, joita on 2–6, syntyvät huhti-toukokuussa. Pesä on rantapenkereessä.  Ravinto: Nisäkkäät jäniksen kokoluokkaan asti, linnut, munat, kalat, sammakot ym. Piisamin tärkein saalistaja. Minkkikannalla on paikoin hyvin haitallinen vaikutus pienriistakantoihin.  Muuta: Pyydetään turkiseläimenä ja vahingollisuutensa vuoksi.
supikoira	Supikoira	supikoira.png	20	30	5	10	-	-	1	3	forest	TRUE	Supikoira (haitallinen vieraslaji) (Nyctereutes procyonoides)  Tuntomerkit: Mäyrän kokoinen. Ruumiin pituus yleensä 45–70 cm, häntä 18–25 cm, paino 3–9 kg. Yleisväri mustan ja harmahtavanruskean kirjava. Posket ja raajat ovat mustat tai suklaanrus­keat. Poskiparta ja kupeet ovat kellanruskehtavat ja erottuvat hämärässä vaaleampina muusta ruumiista. Raajat ovat lyhyet, minkä vuoksi eläimen liikkuminen näyttää lyllertämiseltä. Korvat ovat lyhyet ja pyöreäpäiset. Turkki on pitkä- ja karkeakarvainen, pohjavilla on hyvin tiheä.  Esiintyminen: Supikoira on levinnyt maahamme idästä 30–40-luvuilta lähtien. Nykyisin säännöllinen levinneisyys ulottuu etelästä Tornio–Suomussalmi linjalle, Lapissa voi esiintyä harhailijoita. Supikoirakannat ovat hyvin runsaat. Supikoiralla on yleensä 3–4 kuukauden pituinen talviuni. Leutoina talvina se voi olla liikkeellä läpi talven.  Lisääntyminen: Kiima-aika on maaliskuussa. Kantoaika noin 2 kk. Pesä vanhassa ketun tai mäyrän pesässä tai kaivaa itse. Synnyttää touko-kesäkuussa 6–12 poikasta, joskus jopa 20. Lajin nopea leviäminen ja kantojen runsaus perustuu paljolti juuri hyvään lisääntymiskykyyn.  Ravinto: Kaikkiruokainen. Laajaan ravintovalikoimaan kuuluvat pikkunisäkkäät, sammakot, marjat, ­hedelmät, vilja, hyönteiset, jätteet, haaskat, munat ja linnut.  Muuta: Supikoira on tärkeä kettusyyhyn ja rabieksen kantaja ja levittäjä. Turkisten hinnat vaikuttavat saalismääriin suuresti. Pyyntiä on pyritty tehostamaan riistanhoidollisista syistä.
kettu	Kettu	kettu.png	20	30	5	10	-	-	1	3	forest	TRUE	Kettu (Vulpes vulpes)  Tuntomerkit: Ruumiin pituus 60–85 cm, häntä 35–55 cm, paino 5–8 kg. Pienehkön koiran kokoinen, mutta matalajalkaisempi. Häntä on huomiotaherättävän pitkä ja tuuhea. Korvat ovat pitkät ja suipot. Turkin väritys vaihtelee, yleisväri punertavan kellanruskea, kaula ja rinta ovat valkeat sekä tavallisesti myös hännänpää. Jalat ovat yleensä edestä mustat, samoin korvat ovat takaa mustat. Turkinvaihto tapahtuu keväällä.  Esiintyminen: Yleinen koko maassa. Liikkeellä hämärässä ja yöllä. Viettää päivän luolassa tai suojaisessa makuu­paikassa.  Lisääntyminen: Kiima-aika on helmi-maaliskuussa. Kantoaika noin 52 vuorokautta. Kaivaa pesäluolan, jonne synnyttää 3–8 pentua touko-kesäkuussa.  Ravinto: Ravintovalikoimaan kuuluvat pienjyrsijät, marjat, linnut, munat, hyönteiset, kalat, jänikset sekä haaskat. Vahingollinen riistakannoille verottamalla erityisesti pesiä ja poikasia.  Muuta: Rabieksen ja kettusyyhyn levittäjä ja kantaja.
lumikko	Lumikko	lumikko.png	20	30	5	10	-	-	1	3	forest	TRUE	Lumikko (Mustela nivalis)  Tuntomerkit: Ruumiinpituus 11–19 cm, häntä 2–4 cm. Paino 24–80 g. Kesäpuvussa selkäpuoli punaruskea, vatsapuoli valkoinen. Väriraja on jyrkkä. Häntä on punaruskea ja taaksepäin ojennettuna takajalkoja lyhyempi. Erona kärppään pienempi koko ja lyhyempi häntä. Talvipuku kauttaaltaan valkoinen (talvipukuisen kärpän hännän pää on musta).  Esiintyminen: Yleinen koko maassa.  Lisääntyminen: Synnyttää tavallisesti touko-kesäkuussa 3–9 poikasta, mutta poikasia tavattu kaikkina vuodenaikoina.  Ravinto: Pääasiassa myyrät ja muut pikkunisäkkäät, myös linnut, kalat, sammakot ja haaskat.  Muuta: Rauhoitettu. Ei kuulu riistalajistoon.
ahma	Ahma	ahma.png	20	30	5	10	-	-	1	3	forest	TRUE	Ahma  (Gulo gulo)  Tuntomerkit: Suurin näätäeläimemme. Ruumiin pituus 69–83 cm, häntä 16–25 cm. Paino 8–28 kg. Ahma on tanakkarakenteinen petoeläin. Turkki on kiiltäväkarvainen, yleisväriltään tummanruskea. Kyljillä ruskeat tai kellertävät poikittaisjuovat, myös otsa ja posket ovat vaaleammat. Kuono, häntä ja raajat ovat mustat. Kellanruskeareunaiset korvat ovat miltei turkin peitossa. Kulkee hyppien, jolloin syntyvät parijäljet, tai laukaten, jolloin tassujen painallukset ovat vinossa rivissä kolmittain.  Esiintyminen: Esiintyy harvalukuisena Pohjois- ja Itä-Suomen erämaisissa osissa ja satunnaisesti myös maamme sisäosissa. Karttaa asuttuja seutuja ja vaatii laajan reviirin.  Lisääntyminen: Kiima-aika keskikesällä. Viivästynyt sikiönkehitys, poikaset syntyvät maalis-huhtikuussa lumen alle kaivettuun pesään. Poikasia 2–4. Jos ahmanaarasta häiritään pesällä se siirtää poikaset uuteen paikkaan.  Ravinto: Saalistaa poroja ja metsäpeuroja. Ahma repii saaliilta niskajänteet poikki, kynnenjälkiä saaliissa ei näy. Usein saaliista on irroitettu pää. Ahma käyttää myös hirven haaskoja. Se palaa haaskalleen kuten karhu. Syö myös lintuja, jäniksiä, kettuja, pikkunisäkkäitä, sammakoita ja marjoja.  Muuta: Ahma on aina rauhoitettu. Pyynti tapahtuu Suomen riistakeskuksen myöntämällä poikkeusluvalla.
vesikko	Vesikko	vesikko.png	20	30	5	10	-	-	1	3	forest	TRUE	Vesikko (Mustela lutreola)  Tuntomerkit: Muistuttaa minkkiä. Turkki on tummanruskea (ei musta kuten minkillä voi olla). Ala- ja ylähuuli ovat valkoiset, minkillä on erittäin harvoin valkoista ylähuulessa. Vesikolla ei ole rinnassa ja vatsassa valkeita laikkuja, joita minkeillä esiintyy. Vesikko on minkkiä pienempi.  Esiintyminen: Lähes kokonaan hävinnyt Suomesta. Vuonna 1992 Kainuussa tavattiin loukkuun mennyt yksilö. Kärsinyt pienvesien muuttumisesta ja ilmeisesti kilpailusta minkin kanssa.  Muuta: Rauhoitettu.
naali	Naali	naali.png	20	30	5	10	-	-	1	3	forest	TRUE	Naali (Alopex lagopus)  Tuntomerkit: Kettua hieman pienempi. Ruumiin pituus 50–65 cm, häntä 28–33 cm, paino 2,5–8 kg. Talviturkki on harmaanvalkea. Kesällä yläpuoli on tumman harmaanruskea sekä hieman sinertävä, alapuoli on harmaanvalkea. Korvat ovat pyöreäpäiset. Jalkojen polkuanturat ovat karvan peitossa.  Esiintyminen: Arktinen laji, joka on yleinen napa-alueella. Meillä harvinaisena tunturialueella lähinnä käsivarren Lapissa. Kanta muutama kymmenen yksilöä.  Lisääntyminen: Kiima-aika maaliskuussa, kantoaika n. 49 vrk. Pentuja 6–8, hyvinä sopuli- ja myyrävuosina enemmänkin. Kaivaa käytäväverkoston pesäkumpuun, joka pitkään käytettynä erottuu tunturialueella kauas vihreänä laikkuna lannoitusvaikutuksen vuoksi.  Ravinto: Sopulit ja myyrät ovat naalin pääravintoa, minkä vuoksi pikkujyrsijöiden kannanvaihtelut vaikuttavat naalien ravintotilanteeseen ja kantaan suuresti. Muuta ravintoa haaskat, jätteet, munat, linnut ja kalat.  Muuta: Rauhoitettu. Ei kuulu riistalajistoon. Lajin tarhattua muunnosta kutsutaan siniketuksi. Tarhoista karanneet eläimet kuuluvat metsästyslain piiriin.
ruskosuohaukka	Ruskosuohaukka	ruskosuohaukka.png	20	30	5	10	-	-	1	3	forest	TRUE	Ruskosuohaukka Circus aeruginosus  Koko: Suohaukoistamme suurin. Pituus 48–56 cm, siipien kärkiväli 115–130 cm.  Tuntomerkit: Tunnusomaisen kolmivärinen. Siipien kärjet laajalti mustat, selkä ja siiven peitinhöyhenet päältä ruskeat, muuten siniharmaa. Liitelee tyypillisesti 5–7 metrin korkeudessa ruovikon päällä siivet loivassa v-asennossa. Eroina sinisuohaukkaan pitemmät siivet, vaalea pää ja punaruskea vatsa.  Pesintä: Kuivista oksista ja korsista rakennettu pesä ruovikossa. 3–7 munaa. Naaras hautoo.  Levinneisyys: Pesii jokisuistojen, merenlahtien ja järvien ruovikoissa. Tuttu näky laajalla alueella Euroopassa ja Aasiassa, meillä sadan vuoden takainen tulokas. Tiheimmän levinneisyyden raja kulkee Suomen poikki vinoittain Ilomantsista Tornioon.  Ravinto: Jyrsijät, pikkulinnut, sammakot, käärmeet.  Muutto: Talvehtii Länsi-Afrikassa, palaa Suomeen huhti–toukokuussa. Syysmuutto elokuun alusta syyskuulle.  Uhanalaisuus: Elivoimainen (LC).
maakotka	Maakotka	maakotka.png	20	30	5	10	-	-	1	3	forest	TRUE	Maakotka (nuori) Merikotkaan verrattuna pyrstö pidempi ja siivet pyöreämmät. Harvalukuiset muuttajat ovat valtaosaksi nuorempia ikäluokkia, joilla selvä valkea siipilaikku ja kaksivärinen pyrstö. Muuttoaikaa syyskuun loppupuoli ja loka–marraskuu.
merikotka	Merikotka	merikotka.png	20	30	5	10	-	-	1	3	forest	TRUE	Merikotka (nuori) Isokokoinen, suorakaiteen muotoiset siivet ”kuin ladon ovet”, pyrstö lyhyt, pää ja kaula voimakkaat, esiin työntyvät. Yleisvaikutelma tumma, vanha lintu vaaleamman ruskea ja valkopyrstöinen. Muuttokausi syys–lokakuu.
kurki	Kurki 	kurki.png	20	30	5	10	-	-	1	3	forest	FALSE	Kurki on pitkäjalkainen lintu, joka kuuluu kurkilintujen heimoon. Sen tieteellinen nimi on Grus grus. Kurjella on pitkä kaula ja jalat, ja sen siipien kärkiväli voi olla jopa 2,4 metriä. Kurki on yleinen lintu monissa Euroopan ja Aasian maissa, ja se esiintyy myös Pohjois-Amerikassa.  Kurki on symbolinen lintu monissa kulttuureissa. Suomessa kurki on ollut pyhä lintu, ja se on liitetty muun muassa kevääseen ja onneen. Kurkia on myös käytetty heraldiikassa ja kansanperinteessä. Kurki on myös tärkeä lintulaji monissa suojeluohjelmissa, sillä sen kanta on paikoin uhanalainen.
huuhkaja	Huuhkaja	huuhkaja.png	20	30	5	10	-	-	1	3	forest	TRUE	Huuhkaja on suuri ja voimakas petolintu, joka kuuluu pöllöjen heimoon. Huuhkaja on yleinen lintu Suomessa ja asuu metsissä, erämaissa ja avoimilla paikoilla. Se on aktiivinen yöllä ja saalistaa pääasiassa jyrsijöitä ja muita pieniä eläimiä, kuten kaneja, rottia ja hiiriä. Huuhkaja on suosittu lintu, jota arvostetaan sen vaikuttavan ulkonäön ja vangitsevan huudon vuoksi. Se on myös tärkeä osa monia kansanperinteitä ja legendoja eri puolilla maailmaa.
hauki	Hauki	hauki.png	20	30	5	10	-	-	1	3	forest	FALSE	HAUKI:  Hauki on yleinen petokala, jota esiintyy makeissa ja suolaisissa vesissä ympäri Suomea. Hauki on yksi maan arvostetuimmista ja suosituimmista saaliskaloista, ja se on tärkeä osa Suomen kalastuskulttuuria.  Tässä on joitakin yksityiskohtaisia tietoja hauista:  Fyysiset ominaisuudet: Hauki on suurikokoinen kala, joka voi kasvaa jopa 1,5 metriä pitkäksi ja painaa yli 30 kiloa. Sen ruumis on pitkänomainen ja sillä on leveä, litteä pää, jossa on suuri suu, joka on täynnä teräviä hampaita. Hauki on väriltään vihertävä tai harmaa, ja sen vatsapuoli on vaalea.  Ravinto: Hauki on petokala, joka syö muita kaloja ja eläimiä, kuten sammakkoja, hiiriä ja jopa vesilintuja. Hauki voi syödä jopa puolet omasta ruumiinpainostaan päivässä.  Käyttäytyminen: Hauki on petokala, joka metsästää yleensä hämärän ja pimeän aikaan. Se voi liikkua nopeasti ja hyökätä saaliinsa kimppuun yllättäen. Hauki on myös hyvä uimari, joka voi uida pitkiä matkoja nopeasti.  Elinympäristö: Hauki elää makeissa ja suolaisissa vesissä ympäri Suomea. Se löytyy usein järvistä, joista ja meristä. Hauki viihtyy erityisesti matalissa ja rehevissä vesissä, joissa se voi metsästää saalistaan helpommin.  Hauen tieteellinen nimi on Esox lucius.
ahven	Ahven	ahven.png	20	30	5	10	-	-	1	3	forest	TRUE	AHVEN:  Ahven on yksi Suomen yleisimmistä ja tunnetuimmista kalalajeista. Se on myös suosittu saaliskala, jota pyydetään aktiivisesti ympäri maata. Tässä on joitakin yksityiskohtaisia tietoja ahvenesta:  Fyysiset ominaisuudet: Ahven on suhteellisen pienikokoinen kala, joka voi kasvaa noin 25 cm pitkäksi ja painaa enintään noin 1,5 kiloa. Sen ruumis on pitkänomainen ja litteä, ja sillä on kyljissä tummat juovat. Ahvenen vatsapuoli on yleensä valkoinen.  Ravinto: Ahven on petokala, joka syö pienempiä kaloja, kuten särkiä ja salakoita, sekä äyriäisiä ja selkärangattomia eläimiä. Ahvenen suuri suu on täynnä teräviä hampaita, joiden avulla se voi helposti nappaamaan saaliinsa.  Käyttäytyminen: Ahven on yleensä päiväsaikaan aktiivinen ja metsästää saalistaan erityisesti aamu- ja iltahämärässä. Ahvenet liikkuvat usein parvissa ja voivat syödä jopa puolet omasta painostaan päivässä.  Elinympäristö: Ahven viihtyy makeissa vesissä, kuten järvissä, joissa, lammessa ja joissa. Se elää yleensä rannan tuntumassa, ja se viihtyy erityisesti kasvillisuuden läheisyydessä.  Ahvenen tieteellinen nimi on Perca fluviatilis.
hirvi	Hirvi	hirvi.png	20	30	5	10	-	-	1	3	forest	TRUE	HIRVI:  Hirvi, joita kutsutaan myös nimellä muun muassa Euroopan hirvi, on suuri hirvieläinlaji, joka on kotoperäinen Pohjois-Euroopassa, Aasiassa ja Pohjois-Amerikassa. Hirvi on Suomen suurin hirvieläin, joka on hyvin suosittu riistaeläin ja myös tärkeä osa maan luontoa ja kulttuuria.  Tässä on muutama yksityiskohtaista tietoa hirvistä:  Fyysiset ominaisuudet: Hirvet ovat suuria hirvieläimiä, joilla on pitkät jalat ja leveät, litteät sarvet, jotka ovat haarautuneet moniin oksiin. Uroshirvien sarvet kasvavat joka vuosi uudelleen ja voivat kasvaa jopa 1,8 metrin mittaisiksi. Hirvillä on pitkä, karvainen kaula ja lyhyet hännät. Niiden turkki on ruskea ja paksu, joka vaihtaa väriä vuodenaikojen mukaan. Kesäaikaan se on punaruskea ja talvella se on tummanruskea.  Ravinto: Hirvet ovat kasvinsyöjiä, jotka syövät pääasiassa lehtiä, versoja, silmuja ja kuorta. Ne syövät myös marjoja ja sieniä, erityisesti syksyllä ennen talven alkua. Hirvet voivat syödä jopa 20 kiloa ruokaa päivässä.  Käyttäytyminen: Hirvet ovat yksinäisiä eläimiä, jotka tulevat yhteen vain lisääntymisaikana. Uroshirvet käyvät kovia taisteluita toistensa kanssa sarviaan käyttäen, jotta ne voivat saada naaraan. Hirvet ovat erinomaisia juoksijoita ja voivat saavuttaa nopeuden jopa 60 kilometriä tunnissa. Ne ovat myös hyviä uimareita ja voivat uida pitkiä matkoja järvissä ja joissa.  Elinympäristö: Hirvet elävät laajalti Pohjois-Euroopassa, Aasiassa ja Pohjois-Amerikassa. Ne elävät metsissä, suolla, avoimilla alueilla ja vuoristoalueilla. Suomessa hirviä voi löytää kaikkialta maan pohjoisosasta aina eteläisiin osiin asti. Niitä tavataan yleisesti metsissä ja suolla, mutta myös asutusalueilla.  Hirven tieteellinen nimi on Alces alces.
poro	Poro	poro.png	20	30	5	10	-	-	1	3	forest	TRUE	PORO: (Rangifer tarandus)  Reindeer, joita kutsutaan myös nimellä porot, ovat hirvieläinlaji, joka on hyvin sopeutunut kylmiin ilmastoihin ja joka elää pohjoisilla alueilla Euroopassa, Aasiassa ja Pohjois-Amerikassa. Suomessa porot ovat merkittävä osa maan kulttuuria ja taloutta, ja ne ovat myös tärkeitä saamelaisille, jotka ovat alueen alkuperäiskansaa ja harjoittavat perinteisiä elinkeinojaan poronhoidon parissa.  Tässä on muutama yksityiskohtaista tietoa poroista:  Fyysiset ominaisuudet: Porot ovat keskikokoisia hirvieläimiä, joilla on tukeva rakenne, suuret kaviot ja leveät, litteät sarvet, jotka ovat verhottu samettiseen nahkaan kesäkuukausina. Porolla on paksu turkki, joka vaihtaa väriä tummanruskeasta kesällä harmaanruskeaksi talvella, mikä auttaa niitä sulautumaan ympäristöönsä. Poroilla on myös erityisesti sopeutuneet nenäontelot, jotka lämmittävät niiden hengittämän ilman ja auttavat niitä säilyttämään kehon lämpöä kylmällä säällä.  Ravinto: Porot ovat kasvinsyöjiä ja syövät pääasiassa jäkälää, joka kasvaa kivillä ja puilla arktisilla ja subarktisilla alueilla. Ne syövät myös muita kasveja, kuten ruohoja, lehtiä ja sammalia, riippuen siitä, mitä niiden elinympäristössä on saatavilla.  Käyttäytyminen: Porot ovat sosiaalisia eläimiä, jotka yleensä elävät laumoissa, joiden koko voi vaihdella muutamasta yksilöstä tuhansiin. Ne ovat hyvin sopeutuneet elämään kylmissä, ankarissa ympäristöissä ja pystyvät kestämään äärimmäisiä lämpötiloja ja voimakkaita tuulia. Porot ovat myös erinomaisia uimareita ja voivat ylittää jokia ja järviä osana vuotuista vaellustaan.  Elinympäristö: Porot elävät pohjoisilla alueilla Euroopassa, Aasiassa ja Pohjois-Amerikassa. Ne elävät tyypillisesti arktisilla ja subarktisilla alueilla, joissa talvet ovat pitkiä ja kylmiä ja kesät lyhyitä ja suhteellisen lämpimiä. Suomessa poroja voi löytää Lapin metsistä ja tundralta, joka sijaitsee maan pohjoisimmassa osassa
hamahakki	Hämähäkki	hamahakki.png	20	30	5	10	-	-	1	3	forest	FALSE
orava	Orava	orava.png	20	30	5	10	-	-	1	3	forest	TRUE
sammakko	Sammakko	sammakko.png	20	30	5	10	-	-	1	3	forest	TRUE
peikko	Peikko	peikko.png	20	30	5	10	-	-	1	3	forest	FALSE
lumiukko	Lumiukko	lumiukko.png	20	30	5	10	-	-	1	3	forest	FALSE
koppakuoriainen	Koppakuoriainen	koppakuoriainen.png	20	30	5	10	-	-	1	3	forest	FALSE
vetehinen	Vetehinen	vetehinen.png	20	30	5	10	-	-	1	3	forest	FALSE
vegaani	Vegaani	vegaani.png	20	30	5	10	-	-	1	3	forest	FALSE
varjo	Varjo	varjo.png	20	30	5	10	-	-	1	3	forest	FALSE
kipinamikko	Kipinämikko	kipinamikko.png	20	30	5	10	-	-	1	3	forest	FALSE
karpastonttu	Kärpästonttu	karpastonttu.png	20	30	5	10	-	-	1	3	forest	FALSE
kakkiainen	Kakkiainen	kakkiainen.png	20	30	5	10	-	-	1	3	forest	FALSE
suojattikaarme	Suojattikäärme	suojattikaarme.png	20	30	5	10	-	-	1	3	forest	FALSE
keiju	Keiju	keiju.png	20	30	5	10	-	-	1	3	forest	FALSE
pihatonttu	Pihatonttu	pihatonttu.png	20	30	5	10	-	-	1	3	forest	FALSE
para	Para	para.png	20	30	5	10	-	-	1	3	forest	FALSE
liekkio	Liekkio	liekkio.png	20	30	5	10	-	-	1	3	forest	FALSE
villisika	Villisika	villisika.png	20	30	5	10	-	-	1	3	forest	FALSE
